entry	name	body_ranges
000000	RESET_VECTOR	000000-00000d
0000c0	FUN_0000c0	0000c0-0000e9
0000ec	FUN_0000ec	0000ec-0000ef
000170	FUN_000170	000170-0001ab,00027a-000289,0002b8-00030b
000430	FUN_000430	000430-000435
0006ec	FUN_0006ec	0006ec-00070d,00070f-00071f
000720	FUN_000720	000720-000731,000733-00073b,00073d-000741
00078e	FUN_00078e	00078e-0007b1
00089a	FUN_00089a	00089a-0008a9
0008f6	FUN_0008f6	0008f6-00091f
00096c	FUN_00096c	00096c-000979
00098a	FUN_00098a	00098a-0009f9,0009fb-000a11
000a24	FUN_000a24	000a24-000a33,000a4c-000a5f
000a34	FUN_000a34	000a34-000a43
000a44	FUN_000a44	000a44-000a4b
000a60	FUN_000a60	000a60-000a6f
000a70	FUN_000a70	000a70-000a7d
000c32	FUN_000c32	000c32-000c35,000c4a-000c5b,000ccc-000d27,000d29-000d4d
000db0	FUN_000db0	000db0-000dbf,004258-00432d
000e80	FUN_000e80	000e80-000e85,000e87-000f4f
001100	FUN_001100	001100-001141,001258-00126d,0013ac-0013af
001438	FUN_001438	001438-001443,004f72-004f73,004fd0-0050ff,005108-005257,00526a-0053b9,0053cc-0053e9
00152e	FUN_00152e	00152e-001555,005c76-005c7f,00fffe-00fffe,010000-01001f
0015a6	thunk_FUN_00592e	0015a6-0015a9
00160e	FUN_00160e	00160e-001613
0016a2	FUN_0016a2	0016a2-0016a9
0016ce	thunk_FUN_00592e	0016ce-0016d1
0016fa	FUN_0016fa	0016fa-0016ff,001701-001715
001718	FUN_001718	001718-001733
001778	FUN_001778	001778-001781
0017b4	thunk_FUN_00592e	0017b4-0017b7
0017f0	FUN_0017f0	0017f0-001803
00184a	FUN_00184a	00184a-001853
0018c8	FUN_0018c8	0018c8-0018d1,00192e-0019af,0019b1-001a1b
001a1c	FUN_001a1c	001a1c-001a61
001a62	FUN_001a62	001a62-001a8d
001a8e	FUN_001a8e	001a8e-001ac9,001acb-001add,001adf-001b4b,001b4d-001bcb
001bcc	FUN_001bcc	001bcc-001bd1,001bda-001c7d,001cb4-001e7f,005e72-006103
002104	FUN_002104	002104-002125
002128	FUN_002128	002128-002143
002144	FUN_002144	002144-002149
00214c	FUN_00214c	00214c-00218d
002190	FUN_002190	002190-0021b1
0021b4	FUN_0021b4	0021b4-0021d5
0021d8	FUN_0021d8	0021d8-0021f9
0021fc	FUN_0021fc	0021fc-00221d
002220	FUN_002220	002220-002241
002244	FUN_002244	002244-002265
002268	FUN_002268	002268-002289
00228c	FUN_00228c	00228c-0022ad
0022b0	FUN_0022b0	0022b0-0022d1
0022d4	FUN_0022d4	0022d4-0022f5
0022f8	FUN_0022f8	0022f8-002319
0031b8	FUN_0031b8	0031b8-0031d9
003248	FUN_003248	003248-003269
0033ea	FUN_0033ea	0033ea-00340b
003646	FUN_003646	003646-003667
0036ae	FUN_0036ae	0036ae-0036cf
004000	thunk_FUN_000430	004000-004003
004044	thunk_FUN_002144	004044-004047
00406c	FUN_00406c	00406c-00406f
0047e6	FUN_0047e6	0047e6-004817
004dcc	FUN_004dcc	004dcc-004e71,004e76-004e7f
0053ea	FUN_0053ea	0053ea-005421,00542c-005437
00592e	FUN_00592e	005916-00592b,00592e-0059af
00e320	FUN_00e320	00e320-00e341
020000	FUN_020000	020000-020053
0203e2	FUN_0203e2	02039e-02040b
02040c	FUN_02040c	02040c-020425
0205e0	default	0205e0-0205f3
0205f8	FUN_0205f8	0205f8-0205f9
0206be	FUN_0206be	02069a-0206f5,020720-020727
0208a0	FUN_0208a0	0208a0-0208a9
0208d0	FUN_0208d0	0208d0-0208e5
0208ea	FUN_0208ea	0208ea-0209f1,0209fa-020a01,020cac-020cad
020cae	FUN_020cae	020cae-020cf3
020d5e	FUN_020d5e	020d56-020d65,020d67-020da3
020da4	FUN_020da4	020da4-020dd3
020dd4	FUN_020dd4	020dd4-020dd5
020e46	FUN_020e46	020e46-020ef3
020f98	FUN_020f98	020f98-020fad
021124	FUN_021124	021124-021139
021212	FUN_021212	021212-02124d
02124e	FUN_02124e	02124e-02125f,021286-0212a7
0212ec	FUN_0212ec	0212ec-021311
021332	FUN_021332	021332-021373
021404	FUN_021404	021404-021433
0214f2	FUN_0214f2	0214f2-02152d,0215a6-02164b,021670-0218e3,0218fe-021909
0219e6	FUN_0219e6	0219e6-021b0f
021c9c	FUN_021c9c	021c9c-021dcd
021e08	FUN_021e08	021e08-021e57
021e5a	default	021e5a-021ebb
021fb6	FUN_021fb6	021fb6-022031
022096	FUN_022096	022096-022127
022128	FUN_022128	022128-022173
022176	FUN_022176	022176-0221a7
022394	FUN_022394	022394-02239d
022428	FUN_022428	022428-022451
0227e4	FUN_0227e4	0227e4-0227ff
022980	FUN_022980	022980-0229e5,022a2e-022a31,022a3e-022a3f,022a41-022a4f
0229e6	FUN_0229e6	0229e6-0229f3
0229f6	FUN_0229f6	0229f6-0229f7
022a06	FUN_022a06	022a06-022a11
022a12	FUN_022a12	022a12-022a21
022a22	FUN_022a22	022a22-022a2d
022a32	FUN_022a32	022a32-022a3d
022a50	FUN_022a50	022a50-022a59
022a5a	FUN_022a5a	022a5a-022a79,022b24-022c31,022c33-022c67
022a7a	FUN_022a7a	022a7a-022a99
022a9a	FUN_022a9a	022a9a-022aaf
022c68	FUN_022c68	022c68-022c79,022c92-022cdd
022cde	FUN_022cde	022cde-022cfb
022e16	FUN_022e16	022e16-022e9f
022eb4	FUN_022eb4	022eb4-022ef5,022f68-022f69
022f0e	FUN_022f0e	022f0e-022f11
022f1a	FUN_022f1a	022f1a-022f67,022f6a-022fa3,023058-023079
022fa4	FUN_022fa4	022fa4-022fc7
022fc8	FUN_022fc8	022fc8-022feb
022fec	FUN_022fec	022fec-02300f
023010	FUN_023010	023010-023033
023034	FUN_023034	023034-023057,02307a-023109
02310c	FUN_02310c	02310c-023117,023119-0231d7,0234a4-023523
0231d8	FUN_0231d8	0231d8-023425
023426	FUN_023426	023426-023447,023452-02346f
023448	FUN_023448	023448-023451,023470-0234a3,023524-02352f
023530	FUN_023530	023530-023549
02354a	FUN_02354a	02354a-0235d7
0235d8	FUN_0235d8	0235d8-023687,023689-0236b7
0236b8	FUN_0236b8	0236b8-0236d3
0238ca	FUN_0238ca	0238ca-02393b
02393c	FUN_02393c	02393c-023955
023956	FUN_023956	023956-02395f
023960	FUN_023960	023960-0239c5,0239ca-0239cf
023a5c	FUN_023a5c	023a5c-023aaf
023ab0	FUN_023ab0	023ab0-023ab5,023ade-023ae1,023ae3-023b51
023b52	FUN_023b52	023b52-023b59,023b5c-023b6d,023b78-023bc7
023bc8	FUN_023bc8	023bc8-023bdd
023d96	FUN_023d96	023d96-023dcf,023dfa-023dff
023ee8	FUN_023ee8	023ee8-023f35
023f36	FUN_023f36	023f36-023f87
023fec	thunk_FUN_023ff6	023fec-023fed
023ff6	FUN_023ff6	023ff6-023ffb
024192	FUN_024192	0202f2-020357,024192-024197
024198	FUN_024198	024198-0241af
0241b0	FUN_0241b0	0241b0-024205,024207-024241
024242	FUN_024242	024242-02427d
02427e	FUN_02427e	02427e-02428f
0242d6	FUN_0242d6	0242d6-0242f5,02432a-024357,024359-024359,0243da-0243e1
024426	FUN_024426	024426-024451
024474	FUN_024474	024474-02448d
02448e	FUN_02448e	02448e-0244b5,0244b7-0244bb
0244f6	FUN_0244f6	0244f6-024505
0245cc	FUN_0245cc	0245cc-0245ed,0245f2-0245f7
0245fa	FUN_0245fa	0245fa-02461b
02461c	FUN_02461c	02461c-02467d
02467e	FUN_02467e	02467e-0246a9,0246bc-0246bd
024728	FUN_024728	020898-02089d,0208aa-0208b3,024728-0247b9,0247bb-02481f,024821-024863,02489a-02489f
0248e6	FUN_0248e6	0248e6-024a01,024a03-024a5b,024a5d-024a99,024a9b-024ae9,024aeb-024b13
024b14	FUN_024b14	024b14-024b17
024b2e	FUN_024b2e	024b2e-024b5f,024b61-024b7d
024b8e	FUN_024b8e	024b8e-024bb3
024bb4	FUN_024bb4	024a02-024a02,024a5c-024a5c,024a9a-024a9a,024aea-024aea,024bb4-024be5
024bea	FUN_024bea	024bea-024c17
024c80	FUN_024c80	024c80-024cad
024cae	FUN_024cae	024cae-024cf3
024cf4	FUN_024cf4	024cf4-024d35,024d54-024d5b
024d36	FUN_024d36	024d36-024d53
024dd6	FUN_024dd6	024dd6-024df9,024dfb-024e41,024e43-024e45
024ef4	FUN_024ef4	024ef4-024efb,024f00-024f0d
024f60	FUN_024f60	024f60-024f81,024f8e-024f97
024fae	FUN_024fae	024fae-02502d,02505a-025079
02507a	FUN_02507a	02507a-0250a9
0250fc	FUN_0250fc	0250fc-025123
025140	FUN_025140	025140-025211
0253f0	FUN_0253f0	0253f0-0253f1
0253f2	FUN_0253f2	0253f2-025403
025404	FUN_025404	025404-025419
025434	FUN_025434	025434-025449
02544a	FUN_02544a	02544a-0254d3
0254d4	FUN_0254d4	0254d4-02555b
02555c	FUN_02555c	02555c-025663
025664	FUN_025664	025664-02567f,025686-0256e9
0256ea	FUN_0256ea	0256ea-025771
025772	FUN_025772	025772-0257f9
0257fa	FUN_0257fa	0257fa-025885
025886	FUN_025886	025886-0258ff
025900	FUN_025900	025900-025989
02598a	FUN_02598a	02598a-0259e5
0259e6	thunk_FUN_0259f8	0259e6-0259e7
0259f8	FUN_0259f8	0259f8-025a13
025a14	FUN_025a14	025a14-025b0b
025b0c	FUN_025b0c	025b0c-025b0f
025b10	FUN_025b10	025b10-025b1f
025b20	FUN_025b20	025b20-025ba5
025ba6	FUN_025ba6	025ba6-025bd9,025c10-025c99
025bdc	FUN_025bdc	025bdc-025c0f
025c9c	FUN_025c9c	025c9c-025cc5
025cc6	FUN_025cc6	025cc6-025dc1
025dc2	FUN_025dc2	025dc2-025dcd
025dce	FUN_025dce	025dce-025dcf
025dd0	FUN_025dd0	025dd0-025e07
025e08	FUN_025e08	025e08-025e35
025e36	FUN_025e36	025e36-025e3b
025e3c	FUN_025e3c	025e3c-025e71
025e72	FUN_025e72	025e72-025ea9
025ebc	FUN_025ebc	025ebc-025ec1,025eca-025f5f
02634e	FUN_02634e	02634e-026383
026384	FUN_026384	026384-026393
02639e	FUN_02639e	02639e-0263b7
0263b8	FUN_0263b8	0263b8-0263bd,0263bf-0263fb
0263fc	FUN_0263fc	0263fc-02640d,02641c-026427
026452	FUN_026452	0226d6-022715,026452-026459,02648a-0264c1,02655e-0265e7
0264c4	FUN_0264c4	0264c4-0264ed,02651e-02653b,02653d-02654d
02654e	FUN_02654e	02654e-026555
026556	FUN_026556	026556-02655d
0265ea	FUN_0265ea	0265ea-026603
026604	FUN_026604	026604-026617
026618	FUN_026618	026618-026649
02664a	FUN_02664a	02664a-026665,026667-02668d
02668e	FUN_02668e	02668e-0266db
026716	FUN_026716	026716-026733
026734	FUN_026734	026734-02673b,026742-02674b
02676e	FUN_02676e	02676e-026777,026779-026785
02678c	FUN_02678c	02678c-0267a7
0267a8	FUN_0267a8	0267a8-0267b1
0267b2	FUN_0267b2	0267b2-0267b7,0267c8-0267e3
026800	FUN_026800	026800-02681d
026a9a	FUN_026a9a	022c32-022c32,022c7a-022c91,026a9a-026ac3
026c68	FUN_026c68	022d98-022e15,026c68-026cdd,026d90-026d97
026cde	FUN_026cde	026cde-026d8f
026d98	FUN_026d98	026d98-026e15
026e16	FUN_026e16	026e16-026e21,026e24-026e41
026e42	FUN_026e42	026e42-026e81
026e82	FUN_026e82	026e82-026f5b
027342	FUN_027342	027342-027415
027448	FUN_027448	027448-02752b
02752c	FUN_02752c	02752c-027549
02754a	FUN_02754a	02754a-027679
02767a	FUN_02767a	02767a-027687
027688	FUN_027688	027688-0276d1
0276d4	FUN_0276d4	0276d4-0277df
0277e0	FUN_0277e0	0277e0-0278c9,0278cb-0278eb
0278ec	FUN_0278ec	0278ec-02793b,027942-02794d
02793c	FUN_02793c	02793c-027941
02794e	FUN_02794e	02794e-02795f
027bd8	FUN_027bd8	027bd8-027bdd
027bde	FUN_027bde	027bde-027c61
027cea	FUN_027cea	027cea-027cf7
027d3c	FUN_027d3c	027d3c-027d43,027d48-027d6f
027e00	FUN_027e00	027e00-027e41
027e42	FUN_027e42	027e42-027e51,027e5a-027ee7
028116	FUN_028116	028116-02811b
028120	FUN_028120	028120-028141
0281b8	FUN_0281b8	0281b8-0281bd
0282da	FUN_0282da	0282da-0282fd
028476	FUN_028476	028476-02847b
028486	FUN_028486	028486-0284c1,0284c3-02855b
02855c	FUN_02855c	02855c-028561,0285a4-02862f
028632	FUN_028632	028632-028663
028664	FUN_028664	028664-0286b3
0286c2	FUN_0286c2	0286c2-0286cf,0286d4-028713
028714	FUN_028714	028714-028717,02871a-02874b
028778	FUN_028778	028778-02877f
0287b0	FUN_0287b0	0287b0-0287c9
028808	FUN_028808	028808-028808
028952	FUN_028952	028952-028983
028bc2	FUN_028bc2	028bc2-028bd7,028bde-028be1
028c52	FUN_028c52	028c52-028c81
028d3a	FUN_028d3a	028d3a-028d8b
028d8e	FUN_028d8e	028d8e-028ddd,02ceec-02cf31,02fffe-02ffff
028ed8	FUN_028ed8	028ed8-028f31
028f32	FUN_028f32	028f32-028f4f,028f60-028f63
02900a	FUN_02900a	02900a-029025,029028-029043
029026	thunk_FUN_029044	029026-029027
029044	FUN_029044	029044-029051
02914a	FUN_02914a	02914a-029175,029182-029191
02982e	FUN_02982e	02982e-029853,029860-029863
029b14	FUN_029b14	029b14-029b31
029ca8	FUN_029ca8	029ca8-029cb5
029e4a	FUN_029e4a	029e4a-029f33,029f44-029f4d,02dfe4-02dfe7
029f4e	FUN_029f4e	029f4e-029f7f
029f80	FUN_029f80	029f80-029fe3
02a238	FUN_02a238	02a238-02a29f,02a2a6-02a2ad
02a2a0	FUN_02a2a0	02a2a0-02a2a5
02a2ae	FUN_02a2ae	02a2ae-02a345
02a358	FUN_02a358	02a358-02a3db,02a3e4-02a409
02a3dc	FUN_02a3dc	02a3dc-02a3e3
02a40a	FUN_02a40a	02a40a-02a567
02a568	FUN_02a568	02a568-02a5df
02a5e0	FUN_02a5e0	02a5e0-02a5f3
02a6de	FUN_02a6de	02a6de-02a6f7
02a706	FUN_02a706	02a706-02a723,02a738-02a73f
02a95c	FUN_02a95c	02a95c-02a98b
02ab06	FUN_02ab06	02ab06-02ab1b
02ab1c	FUN_02ab1c	02ab1c-02ab8f
02ab90	FUN_02ab90	02ab90-02abd3,02abdc-02abf3
02abf4	FUN_02abf4	02abf4-02ac15
02ac16	FUN_02ac16	02ac16-02ad15,02ed16-02ed17
02ad1c	FUN_02ad1c	02ad1c-02ad3b
02ad3c	FUN_02ad3c	02ad3c-02ad81
02ad8c	FUN_02ad8c	02ad8c-02ada9,02adb6-02ae05,02ae0c-02ae1b,02ae22-02af11
02af12	FUN_02af12	02af12-02af1b,02af1d-02af6f,02af80-02af8f,02af9e-02afd5
02afd6	FUN_02afd6	02afd6-02afed
02b002	FUN_02b002	02b002-02b0fd
02b0fe	FUN_02b0fe	02b0fe-02b15b
02b15c	FUN_02b15c	02b15c-02b16b
02b1e8	FUN_02b1e8	02b1e8-02b1f9
02b37c	default	02b37c-02b37f
02b568	FUN_02b568	02b568-02b5b7,02b5c4-02b60f
02b61a	FUN_02b61a	02b61a-02b661,02f6fa-02f70b
02b662	FUN_02b662	02b662-02b6af,02b6b1-02b6f9,02b708-02b70b
02b840	FUN_02b840	02b840-02b84d
02b9ec	FUN_02b9ec	02b9ec-02ba0b,02ba3a-02ba71,02ba80-02ba83
02ba86	FUN_02ba86	02ba86-02bab5
02bac6	FUN_02bac6	02bac6-02bafb
02bb42	FUN_02bb42	02bb42-02bc1b,02bc1d-02bc51,02bc53-02bc5f,02bc61-02bc77,02bc79-02bca7
02bca8	FUN_02bca8	02bca8-02bcc7
02bcca	FUN_02bcca	02bcca-02bcd9
02bcda	FUN_02bcda	02bcda-02bce1
02bcea	FUN_02bcea	02bcea-02bcf7
02bd1c	FUN_02bd1c	02bd1c-02bd53
02bd54	FUN_02bd54	02bd54-02bd73,02bdbc-02bdd1,02be20-02be41,02fe62-02fe83
02bd74	FUN_02bd74	02bd74-02bd97,02bd9a-02bda7
02bd98	thunk_FUN_02be62	02bd98-02bd99
02bda8	FUN_02bda8	02bda8-02bdbb
02bdd2	FUN_02bdd2	02bdd2-02be0f
02be10	FUN_02be10	02be10-02be1f
02be60	FUN_02be60	02be60-02be61
02be62	FUN_02be62	02be62-02be81
02beb8	FUN_02beb8	02beb8-02befd
02befe	FUN_02befe	02befe-02bf03,02bf06-02bf13
02bf14	FUN_02bf14	02bf14-02bf21
02bf22	FUN_02bf22	02bf22-02bf35
02bf36	FUN_02bf36	02bf36-02bf49
02bf4a	FUN_02bf4a	02bf4a-02bf71
02bf72	FUN_02bf72	02bf72-02bf79
02bf8a	FUN_02bf8a	02bf8a-02bfb3
02bfb8	FUN_02bfb8	02bfb8-02bff5
02bffc	FUN_02bffc	02bffc-02bfff
02c050	FUN_02c050	02c050-02c05d
02c064	FUN_02c064	02c064-02c06b
02c09c	FUN_02c09c	02c09c-02c0ad
02c0b0	FUN_02c0b0	02c0b0-02c0ef
02c0f2	FUN_02c0f2	02c0f2-02c103,02c116-02c11f
02c142	FUN_02c142	02c142-02c195
02c196	FUN_02c196	02c196-02c19b,02c1b0-02c1b7
02c1e4	FUN_02c1e4	02c1e4-02c201,02c204-02c213
02c236	FUN_02c236	02c236-02c23d
02c296	FUN_02c296	02c296-02c29d
02c2b0	FUN_02c2b0	02c2b0-02c2c7,02c2ca-02c2d9
02c2fe	FUN_02c2fe	02c2fe-02c30d,02c31c-02c323
02c348	FUN_02c348	028470-028471,02c348-02c35b
02c36e	FUN_02c36e	02c36e-02c385
02c398	FUN_02c398	02c398-02c398
02c3ec	FUN_02c3ec	02c3ec-02c3f7
02c3f8	FUN_02c3f8	02c3f8-02c403
02c404	FUN_02c404	02c404-02c415
02c41e	FUN_02c41e	02c41e-02c437
02c438	FUN_02c438	02c438-02c43f
02c470	FUN_02c470	02c470-02c475
02c774	FUN_02c774	02c774-02c777
02c984	FUN_02c984	028af6-028b35,028b4e-028bc1,028bd8-028bdd,02c984-02ca27,02ca29-02cb1f,02cb2c-02cb3b,02cb82-02cbc1
02cbe2	FUN_02cbe2	02cbe2-02cbef
02cf58	FUN_02cf58	02cf58-02cf63
02cf64	FUN_02cf64	02cf64-02cf83
02cf84	FUN_02cf84	02cf84-02d025
02d052	FUN_02d052	02d052-02d149
02d192	FUN_02d192	02d192-02d193
02d74e	FUN_02d74e	02d74e-02d763
02d770	FUN_02d770	02d770-02d775
02d7b0	FUN_02d7b0	02d7b0-02d7c3,02d802-02d839
02d864	FUN_02d864	02d864-02d895
02d8c4	FUN_02d8c4	02d8c4-02d8df
02d8f0	FUN_02d8f0	02d8f0-02d8f5
02d904	FUN_02d904	02d904-02d911
02d928	FUN_02d928	02d928-02d95b
02d96a	FUN_02d96a	029acc-029b11,02d96a-02da3f,02da41-02da71
02da9a	FUN_02da9a	02da9a-02da9f
02daba	FUN_02daba	02daba-02dac7,02dacc-02db13
02dcb6	FUN_02dcb6	02dcb6-02dd01,02dd03-02dd6f,02dd71-02dd85
02de4a	FUN_02de4a	02de4a-02de91,02dea0-02debd
02dfea	FUN_02dfea	02dfea-02e0b3
02e0b4	FUN_02e0b4	02e0b4-02e0ff
02e100	FUN_02e100	02e100-02e105,02e107-02e357
02e40a	FUN_02e40a	02e40a-02e4f7
02e4f8	FUN_02e4f8	02e4f8-02e4ff
02e500	FUN_02e500	02e500-02e565,02e58c-02e5ad
02e568	FUN_02e568	02e568-02e575
02e576	FUN_02e576	02e576-02e58b,02e5ae-02e5e7
02e64a	FUN_02e64a	02e64a-02e64d,02e656-02e65f
02e64e	FUN_02e64e	02e64e-02e655,02e666-02e6bf,02e6c1-02e6dd
02e6f8	FUN_02e6f8	02e6f8-02e705
02e754	FUN_02e754	02e754-02e75f
02e7da	FUN_02e7da	02e7da-02e7dd
02e8a4	FUN_02e8a4	02e8a4-02e8b3
02e8de	FUN_02e8de	02e8de-02e8e1
02e9dc	FUN_02e9dc	02e9dc-02e9df,02ea12-02ea39,02eab4-02eb05
02ebd2	FUN_02ebd2	02ebd2-02ebdb
02ebdc	FUN_02ebdc	02ebdc-02ecfb,02ed18-02ee13
02eece	FUN_02eece	02eece-02ef1b
02f026	FUN_02f026	02f026-02f0fb
02f0fe	FUN_02f0fe	02f0fe-02f15b
02f486	default	02f486-02f48b,02f48d-02f4dd
02f4de	FUN_02f4de	02f4de-02f50b
02f50c	FUN_02f50c	02f50c-02f567
02f610	FUN_02f610	02f610-02f619
02f70c	FUN_02f70c	02f70c-02f763
02f766	FUN_02f766	02f766-02f785
02f8e8	FUN_02f8e8	02f8e8-02f8ef
02f8f0	FUN_02f8f0	02f8f0-02f8f9,02f902-02f90f
02f91e	FUN_02f91e	02f91e-02f9eb
02fa94	FUN_02fa94	02fa94-02fac5
02fb42	FUN_02fb42	02fb42-02fc1b
02fe42	FUN_02fe42	02fe42-02fe5f
02ff22	FUN_02ff22	02ff22-02ff35
02ffb8	FUN_02ffb8	02ffb8-02fff3
02fff6	FUN_02fff6	02fff6-02fffb
030000	FUN_030000	030000-030021
0302c0	FUN_0302c0	0302c0-0302e1
030608	FUN_030608	030608-030629
030bd8	FUN_030bd8	030bd8-030bf9
0314fe	FUN_0314fe	0314fe-03150f
031510	FUN_031510	031510-03151f
031562	FUN_031562	031562-031583
031faa	FUN_031faa	031faa-031fcb
032378	FUN_032378	032378-032399
032606	FUN_032606	032606-032635
032638	FUN_032638	032638-032659
03265c	FUN_03265c	03265c-03267d
0326be	FUN_0326be	0326be-0326f1
03278c	FUN_03278c	03278c-0327ad
032816	FUN_032816	032816-032837
