entry	name	size	calls_out	called_by
000000	RESET_VECTOR	12	00000c	
00000c	FUN_00000c	2		000000
0000c0	FUN_0000c0	28		02cab8
0000ec	FUN_0000ec	2		
000120	FUN_000120	18		
000134	FUN_000134	412		
0001fc	FUN_0001fc	150		
000430	FUN_000430	547	000732,000e80,001a62,001a8e	001bcc
0006ec	FUN_0006ec	14	0040ee	
00070e	flash_wait_ready	29		
000732	FUN_000732	1		000430,0051e6
00073c	FUN_00073c	20		
00078e	thunk_FUN_0040ee	4	0040ee	
00089a	FUN_00089a	16	0040ee	
0008f6	FUN_0008f6	6	0040ee	0044e6
00096c	thunk_FUN_0040ee	4		
00098a	FUN_00098a	102		
0009fa	FUN_0009fa	42		
000a24	FUN_000a24	16		0051e6
000a34	FUN_000a34	16		0051e6
000a44	FUN_000a44	40	0040ee	
000c2c	FUN_000c2c	6		
000c32	FUN_000c32	4		
000d28	FUN_000d28	8		
000db0	FUN_000db0	206		
000e80	FUN_000e80	6		000430,0051e6
000e86	FUN_000e86	46	0040ee	
001100	FUN_001100	6		
001108	FUN_001108	68		00152e
001438	FUN_001438	12		
00152e	FUN_00152e	108	001108	
0015a6	FUN_0015a6	591	00f115	
00160e	FUN_00160e	18	0059b0	
0016a2	FUN_0016a2	20	0059b0	
0016ce	FUN_0016ce	6	0059b0	
0016fa	FUN_0016fa	7	0059b0	
001718	FUN_001718	8	0059b0	
001778	FUN_001778	32	0059b0	
0017b4	FUN_0017b4	32	0059b0	
0017f0	FUN_0017f0	20	0059b0	
00184a	FUN_00184a	10	0059b0	0059b0
0018c8	FUN_0018c8	14	0059b0	0059b0
0019b0	FUN_0019b0	108		
001a1c	FUN_001a1c	68		
001a62	FUN_001a62	44		000430,0051e6
001a8e	FUN_001a8e	60		000430
001aca	FUN_001aca	20		
001ade	FUN_001ade	237		0051e6
001bcc	FUN_001bcc	1296	000430	0051e6
002104	FUN_002104	34		
002128	FUN_002128	28		
002144	FUN_002144	6		
00214c	FUN_00214c	8		
002154	FUN_002154	26		
002170	FUN_002170	34		
002194	FUN_002194	34		
0021b8	FUN_0021b8	34		
0021dc	FUN_0021dc	54		0040dc
002214	FUN_002214	34		
002238	FUN_002238	34		
00225c	FUN_00225c	34		
002280	FUN_002280	34		
0022a4	FUN_0022a4	34		
0022c8	FUN_0022c8	34		
0022ec	FUN_0022ec	34		
002a7c	FUN_002a7c	34		
0034e6	FUN_0034e6	34		
00393c	FUN_00393c	34		024dda
003c32	FUN_003c32	34		
003f3a	FUN_003f3a	34		
003f62	FUN_003f62	34		
003ff0	FUN_003ff0	16		
004000	flash_driver_src	4		02b01c,03c696,03e484
004044	thunk_FUN_002144	4		
004054	thunk_FUN_002154	4		
0040dc	thunk_FUN_0021dc	4	0021dc	
0040ee	FUN_0040ee	6		0006ec,00078e,00089a,0008f6,000a44,000e86
0044e6	FUN_0044e6	518	0008f6	
0051e6	flash_reflash_sequence	552	000732,000a24,000a34,000e80,001a62,001ade,001bcc	
0059b0	FUN_0059b0	82	00184a,0018c8	00160e,0016a2,0016ce,0016fa,001718,001778,0017b4,0017f0,00184a,0018c8
006144	thunk_FUN_03f34e	4		
006148	thunk_FUN_03f35a	4		
00614c	thunk_FUN_03f366	4		
006154	FUN_006154	4		
006184	thunk_FUN_03f334	4		
006194	FUN_006194	4		
0061a4	FUN_0061a4	4		
00b4f4	FUN_00b4f4	34		
00e320	FUN_00e320	34		
00f115	FUN_00f115	1		0015a6
011bea	FUN_011bea	34		
011ff4	FUN_011ff4	34		
014964	FUN_014964	8		
01496c	FUN_01496c	8		
014b8a	FUN_014b8a	1		
014c8e	FUN_014c8e	18		
0159d8	FUN_0159d8	1		
016c24	FUN_016c24	32		
01735e	FUN_01735e	14		
0175dc	FUN_0175dc	20		
01f5c2	FUN_01f5c2	34		
020000	FUN_020000	64	0242ce	
02004c	FUN_02004c	416	0242d0	
0201ec	FUN_0201ec	308	023e74	
0202bc	thunk_EXT_FUN_e900db	4		
0202f2	FUN_0202f2	228	023e74,023f8a,0243d6,03c540	
0203d6	FUN_0203d6	30	023f8a	
0203f4	FUN_0203f4	214	024524,025752	
02045e	FUN_02045e	40		0244ce,0245ca,0245ee,02461a,024634,02466a
020488	FUN_020488	48		
020524	FUN_020524	14		
020532	FUN_020532	322	02374c,03c540	
020674	FUN_020674	282	020784,024796,025820	
020784	FUN_020784	8		020674
020796	FUN_020796	98	02374c	
0207f8	FUN_0207f8	18		
02080a	FUN_02080a	348	02374c	
020966	block_copy_helper	48		0383b8
020996	FUN_020996	26		02c8b8
0209b0	FUN_0209b0	10		02c8b8
0209c2	FUN_0209c2	8		
0209ca	FUN_0209ca	188		
020a86	FUN_020a86	166		
020de0	FUN_020de0	106		024c4c,024cb2
020f08	FUN_020f08	82	024dda	
020f9e	FUN_020f9e	18	03c540	
02140e	FUN_02140e	88	02144e,025820	
02144e	FUN_02144e	76	025820	02140e
0214ec	FUN_0214ec	64	0272a0	
021544	FUN_021544	72	0272a0	
021630	FUN_021630	52	02558c	
022ae2	FUN_022ae2	34	025820,02586e	025752,02582a,0258b0,025bd0,025fea,0264f6,026540,026594,026694,026992
022db2	FUN_022db2	146		
022e44	FUN_022e44	78		
022e92	FUN_022e92	68	025820	
0230d4	FUN_0230d4	4		
023428	FUN_023428	36	0280b0	0271ba,0271d2,02721e,0272a0
023536	FUN_023536	22	0280b0	
02356a	FUN_02356a	4		
023570	FUN_023570	6		0272a0
0236d2	FUN_0236d2	28	035fbc,036252	0271d2
02374c	FUN_02374c	68		020532,020796,02080a
023798	FUN_023798	15		0271d2
023800	FUN_023800	168	035fbc,035fdc,036066,036252,036422	02799c,027b76
02399c	FUN_02399c	322	035fbc,035fdc,036066,036252	
023bac	FUN_023bac	66	035fbc	
023c10	FUN_023c10	214	032006	
023ce6	FUN_023ce6	422		
023e74	FUN_023e74	32		0201ec,0202f2
023eac	FUN_023eac	220		
023f8a	FUN_023f8a	42		0202f2,0203d6
0241a2	FUN_0241a2	262	035fbc,03600e,0362e8,036472,0364c6	
0242ce	FUN_0242ce	2		020000
0242d0	FUN_0242d0	34		02004c
0242f2	FUN_0242f2	50	036678,03671c	0271d2
0243d6	FUN_0243d6	20	036472,0365e0	0202f2
0243f4	FUN_0243f4	64	0361b4	
024434	FUN_024434	42		
024488	FUN_024488	71		
0244ce	FUN_0244ce	30	02045e	
0244ec	FUN_0244ec	54		
024524	FUN_024524	10		0203f4
02452e	FUN_02452e	9		
024538	FUN_024538	74		
024582	FUN_024582	72		
0245ca	FUN_0245ca	36	02045e	
0245ee	FUN_0245ee	44	02045e	
02461a	FUN_02461a	26	02045e	
024634	FUN_024634	54	02045e	
02466a	FUN_02466a	10	02045e,0272a0	
024784	FUN_024784	28	036422	
024796	FUN_024796	4		020674
0247ae	FUN_0247ae	345	035f52	
02492a	FUN_02492a	60	0272a0	
0249b0	FUN_0249b0	664		
024c48	FUN_024c48	4		02721e
024c4c	FUN_024c4c	102	020de0	
024cb2	FUN_024cb2	54	020de0	
024ce8	FUN_024ce8	49		
024d1a	FUN_024d1a	50		
024d4c	FUN_024d4c	102		
024db2	FUN_024db2	38		
024dda	FUN_024dda	172	00393c,0351ac	020f08
024e4a	FUN_024e4a	10		
024ec0	FUN_024ec0	24		
025068	FUN_025068	30		0271d2
02508e	FUN_02508e	84		
02527a	FUN_02527a	16	036422	
025330	FUN_025330	170	03632c	
0253da	FUN_0253da	52		0271d2
02549a	FUN_02549a	68		0271d2
02558c	FUN_02558c	114		021630,026a34
025600	FUN_025600	48		
02563c	FUN_02563c	8		
025678	FUN_025678	183	0280b0	
025752	FUN_025752	18	022ae2	0203f4
025820	thunk_FUN_02582a	2		020674,02140e,02144e,022ae2,022e92
02582a	FUN_02582a	32	022ae2	
02586e	FUN_02586e	35	0280b0	022ae2
0258b0	FUN_0258b0	20	022ae2	
0259c6	FUN_0259c6	26	0280b0	
025a16	FUN_025a16	32	0280b0	
025a78	FUN_025a78	26	0280b0	
025b3e	FUN_025b3e	122	025bd0,0280b0	
025bd0	FUN_025bd0	12	022ae2	025b3e
025c36	FUN_025c36	24	0280b0	
025e44	FUN_025e44	76	0280b0	
025fb4	FUN_025fb4	32	0280b0	
025fea	FUN_025fea	34	022ae2	
0260b0	FUN_0260b0	22	0280b0	02c86c
0264d0	FUN_0264d0	14	0280b0	
0264f6	FUN_0264f6	6	022ae2	
026528	FUN_026528	20	0280b0	
026540	FUN_026540	40	022ae2	038500
026594	FUN_026594	38	022ae2	
0265be	FUN_0265be	68	0280b0	
026638	FUN_026638	4		
02665e	FUN_02665e	40	0280b0	
026694	FUN_026694	20	022ae2	
02678c	FUN_02678c	12		
0267ba	FUN_0267ba	16	0280b0	
026800	FUN_026800	36	0280b0	
026970	FUN_026970	22	0280b0	
026992	FUN_026992	32	022ae2	
026a34	FUN_026a34	62	02558c,026ae2	
026a58	FUN_026a58	12	0280b0	
026aa0	FUN_026aa0	28	0280b0	
026ae2	FUN_026ae2	26		026a34
026b56	FUN_026b56	126	027eac	
026bf6	FUN_026bf6	6		
027052	FUN_027052	10	03671c	
027096	FUN_027096	22	036422	
0270b4	FUN_0270b4	32		
0270f8	FUN_0270f8	16	036768	
027108	FUN_027108	20	035fbc	0385b4,038b54
027128	FUN_027128	38		
0271ba	FUN_0271ba	8	023428	
0271d2	FUN_0271d2	162	023428,0236d2,023798,0242f2,025068,0253da,02549a	
027208	FUN_027208	22		
02721e	FUN_02721e	58	023428,024c48	
0272a0	FUN_0272a0	8	023428,023570	0214ec,021544,02466a,02492a,038020,0385b4,03878e,038b9e,03915c,03925a,039514,03f43e
0272e4	FUN_0272e4	330		
0275f4	thunk_FUN_0276a4	2		
027636	thunk_FUN_027666	2		
027666	FUN_027666	62		
0276a4	FUN_0276a4	106		
02799c	FUN_02799c	304	023800	
027acc	FUN_027acc	170		
027b76	FUN_027b76	64	023800	
027bb6	FUN_027bb6	225		
027ce6	FUN_027ce6	180		028c4a,028d12,028d6c,02b372,02fc58,0333f4,033cee,033d72,034aae,0350f2,0351ac,0357f2,03e204
027e74	FUN_027e74	90		
027eac	FUN_027eac	144		026b56,02802a,028e3a,02d17c,02d56a,02d996,02ece0,031eb8,0335d2,0344f4,0351ac,036c94,0386c0,03878e,0388a6,0389ea,038b9e,0390d8,03c696,03d96a,03d9ce,03de6a,03e57e
027f5e	FUN_027f5e	44		
027f8a	FUN_027f8a	159	035f44,03622e	
02802a	FUN_02802a	122	027eac,035fdc	
0280b0	FUN_0280b0	58		023428,023536,025678,02586e,0259c6,025a16,025a78,025b3e,025c36,025e44,025fb4,0260b0,0264d0,026528,0265be,02665e,0267ba,026800,026970,026a58,026aa0,02c5ae,0351ac,0352ba,0353a8,035466,035522,0357f2,035b24
02826c	FUN_02826c	13		02c138
028278	FUN_028278	247	02c86c,02ca28,036066,03609a,036380	02c138
0283b4	FUN_0283b4	44	038150	
02891e	FUN_02891e	20		
02896e	FUN_02896e	6		02c6d0
028988	FUN_028988	6		02c6d0,02ca28
02898e	FUN_02898e	62	03632c	
0289cc	FUN_0289cc	86	03632c,0363cc	02c6d0,0388a6,0389ea
028a22	FUN_028a22	6		0385b4,03878e,0388a6,0389ea,038b54
028a94	thunk_FUN_035fbc	4	035fbc	02c6d0,0386c0,0388a6,0389ea
028ab0	FUN_028ab0	8		
028b0c	FUN_028b0c	97	035fcc	02c6d0
028bce	FUN_028bce	4		02c8b8
028be8	FUN_028be8	18		02c6d0
028bfc	FUN_028bfc	2		02c6d0
028c2e	thunk_FUN_02cd6c	4		
028c4a	FUN_028c4a	167	027ce6,02ce18,0309ee	02c6d0
028cf4	FUN_028cf4	30	02ce18,0332ba	
028d12	FUN_028d12	61	027ce6,0332ba	02cbfe
028d6c	FUN_028d6c	177	027ce6,0309ee	
028e3a	FUN_028e3a	364	027eac,0309ee,03609a	
028fee	FUN_028fee	12	0332ba	
029068	FUN_029068	522	02d262,02d304,02d394	
029262	FUN_029262	12		
02927e	FUN_02927e	134	02ca28,036066,03609a,036380	
029304	FUN_029304	98	035fbc,035fdc	
02934a	FUN_02934a	6	029382	02d996
02936c	FUN_02936c	22		
029382	FUN_029382	18		02934a
0294c0	FUN_0294c0	12		02d996
029bde	FUN_029bde	88	036066,036422	
029cfa	FUN_029cfa	42	036472,0364c6,0365e0	
029d74	FUN_029d74	169	036066,036422	
029e10	FUN_029e10	6	0365aa	02d996
029ef4	FUN_029ef4	8	035fbc	
02a194	FUN_02a194	26	036472,0365e0	
02a1b0	thunk_FUN_0365e0	4	0365e0	
02a1ba	thunk_FUN_035fbc	4	035fbc	
02a72e	FUN_02a72e	36	035fbc,0361e8	
02a866	FUN_02a866	26		
02af74	FUN_02af74	110	035fdc	02ebce
02b01c	FUN_02b01c	40	004000	02ebce
02b118	FUN_02b118	20		0381e8
02b288	FUN_02b288	28		
02b372	FUN_02b372	62	027ce6	02f136
02b3e4	FUN_02b3e4	26		
02b49c	thunk_FUN_02b50a	2		
02b50a	FUN_02b50a	150	036422,036768	
02ba9e	FUN_02ba9e	4		
02baa4	FUN_02baa4	26		
02bcb6	FUN_02bcb6	142		
02bd46	FUN_02bd46	4		
02bfd8	FUN_02bfd8	4		02f642
02c02a	FUN_02c02a	134		02f642
02c138	FUN_02c138	490	02826c,028278,0333f4	02f642
02c230	FUN_02c230	50		02f642
02c516	FUN_02c516	80		
02c5ae	FUN_02c5ae	34	0280b0	02f642
02c6d0	FUN_02c6d0	132	02896e,028988,0289cc,028a94,028b0c,028be8,028bfc,028c4a,02f12c,03bd20	02f642,02f8f2
02c866	FUN_02c866	6		
02c86c	FUN_02c86c	75	0260b0	028278
02c8b8	FUN_02c8b8	102	020996,0209b0,028bce,034ed4,03bc9c	
02c952	FUN_02c952	2		
02ca28	FUN_02ca28	16	028988	028278,02927e,03c5f0,03c696,03c7b0,03c872
02ca5a	FUN_02ca5a	58		
02cab8	FUN_02cab8	82	0000c0	02f8f2
02cb0a	FUN_02cb0a	2		02f8f2
02cb6e	FUN_02cb6e	95		02f8f2
02cbfe	FUN_02cbfe	48	028d12	02f8f2
02cd6c	FUN_02cd6c	68		
02cdf8	FUN_02cdf8	26		
02ce18	FUN_02ce18	6		028c4a,028cf4
02ce1e	FUN_02ce1e	24		038020
02ce3a	FUN_02ce3a	52		02f8f2
02ced8	FUN_02ced8	22		
02cfee	FUN_02cfee	60		
02d02a	FUN_02d02a	74	035f44,0366c8,03671c	
02d064	FUN_02d064	4		
02d068	FUN_02d068	30		02f8f2
02d11c	FUN_02d11c	34		
02d17c	FUN_02d17c	184	027eac	
02d262	FUN_02d262	194		029068
02d304	FUN_02d304	38		029068
02d394	FUN_02d394	76	03632c,036380	029068
02d3e0	FUN_02d3e0	90	035fbc,0361e8,036678,03669e,0366c8,036728,03674e	
02d47c	FUN_02d47c	68		
02d4d0	FUN_02d4d0	20		
02d50e	FUN_02d50e	14		039514
02d56a	FUN_02d56a	214	027eac	02f136,02fa32
02d704	FUN_02d704	10		
02d75e	FUN_02d75e	278		
02d872	FUN_02d872	310		
02d996	FUN_02d996	514	027eac,02934a,0294c0,029e10	
02dbaa	FUN_02dbaa	50		
02e402	FUN_02e402	42		
02e596	FUN_02e596	1		
02e848	FUN_02e848	29		
02e880	FUN_02e880	112	036422	
02e9b4	FUN_02e9b4	501	03669e,03671c,036768	
02ebce	FUN_02ebce	143	02af74,02b01c,03671c	
02ece0	FUN_02ece0	72	027eac	
02ed0e	FUN_02ed0e	566	035fcc,036066,03671c	
02efe2	FUN_02efe2	57		
02f044	FUN_02f044	194		
02f12c	FUN_02f12c	10		02c6d0
02f136	FUN_02f136	338	02b372,02d56a	
02f452	FUN_02f452	2		
02f454	FUN_02f454	18		
02f642	FUN_02f642	717	02bfd8,02c02a,02c138,02c230,02c5ae,02c6d0,035fbc,035fcc,0362e8,036768,036782	
02f8f2	FUN_02f8f2	296	02c6d0,02cab8,02cb0a,02cb6e,02cbfe,02ce3a,02d068	
02fa32	FUN_02fa32	82	02d56a,036152,036422	
02faa4	FUN_02faa4	128	036422	
02fc58	FUN_02fc58	298	027ce6	
02fc6e	FUN_02fc6e	176	035fbc	
02fec8	FUN_02fec8	4		
030260	FUN_030260	66	035f44,03622e	
030896	FUN_030896	46		034170,034410
0308e4	FUN_0308e4	14		03412e
0309ee	FUN_0309ee	56		028c4a,028d6c,028e3a,0351ac
030a50	FUN_030a50	36		038020
030a74	FUN_030a74	26		038020
03114a	FUN_03114a	52		034ed4
031812	FUN_031812	36		0355fc,03565c
031c1a	FUN_031c1a	70	03565c	0357f2
031d4a	FUN_031d4a	6		
031d50	thunk_FUN_031d5a	2		
031d5a	FUN_031d5a	383	035fdc,036380,036678,036728	
031eb8	thunk_FUN_027eac	4	027eac	036566,036782
031eec	FUN_031eec	58	03565c	036566,036ef2,0372d2
031f28	FUN_031f28	26		0366c8,03674e
031f42	FUN_031f42	2		036ef2,0372d2
032006	FUN_032006	2		023c10,036ef2,0372d2
032152	FUN_032152	36		
0321aa	FUN_0321aa	6		038020
0322d4	FUN_0322d4	20		
0323aa	FUN_0323aa	2		
032782	FUN_032782	42		036566
0327ac	FUN_0327ac	328		
0328f6	FUN_0328f6	238		036782
032d38	FUN_032d38	104	035fbc,035fdc	
032dc2	FUN_032dc2	132	0361e8,036380,036422	
032e5a	FUN_032e5a	148	032eee,0361e8,036380,036c94,036d38	
032eee	FUN_032eee	4		032e5a,0352ba,0353a8
0332ba	FUN_0332ba	2		028cf4,028d12,028fee
0333c6	FUN_0333c6	34	0364c6,0365aa	0352ba,0353a8,0357f2
0333f4	FUN_0333f4	155	027ce6,0364c6,0365aa,036728	02c138
033566	FUN_033566	18	0335c4	0352ba,0353a8,035522
03359a	FUN_03359a	31	0335c4	037902
0335c4	FUN_0335c4	42	035f52	033566,03359a
0335d2	FUN_0335d2	104	027eac,035f44,035f52,0362a2	
033670	FUN_033670	4		
033674	FUN_033674	30		
033692	FUN_033692	60	0344f4,03454e,034640,0349b8,034aae,034df6	
0336ea	FUN_0336ea	176	036422,036678,036728	
033806	FUN_033806	12	036422	037692
033950	FUN_033950	8		
033a40	FUN_033a40	28		
033b60	FUN_033b60	8	0365e0	037902,0379ea
033bc8	FUN_033bc8	8		
033cee	FUN_033cee	120	027ce6,036422	
033d72	FUN_033d72	68	027ce6	
033dcc	FUN_033dcc	18	036472,0365e0	0375f2
033e1e	FUN_033e1e	6	0365e0	0375f2
033ffc	FUN_033ffc	34	036422	03784a
034102	FUN_034102	44		0375f2,037866
03412e	FUN_03412e	37	0308e4,036422	037774,037872
034170	FUN_034170	8	030896	03773e,0378c4
03418c	FUN_03418c	14	0361e8	037748,0378ce
03419a	FUN_03419a	162	036046	037752
034222	thunk_FUN_034256	2		037790
034240	FUN_034240	22		037796
034256	FUN_034256	10		
034260	FUN_034260	20		03779c,0377aa,0377be,0377dc
0342b0	FUN_0342b0	26		0377fa
0342ca	FUN_0342ca	12		037800
0342e2	FUN_0342e2	70		037820
034344	FUN_034344	108		037bc2
03438e	FUN_03438e	8	036422	037bc2
0343d0	FUN_0343d0	106		037bc2
034410	FUN_034410	74	030896,036678,03671c	037c46,037c56,037c66,037c78
034466	FUN_034466	152	035f44,035fdc	037c88,037c9c
0344b0	FUN_0344b0	68	036208	037cb0
0344f4	FUN_0344f4	88	027eac	033692
03454e	FUN_03454e	158	036394	033692
034640	FUN_034640	32		033692
0349b8	FUN_0349b8	24		033692
034aae	FUN_034aae	376	027ce6	033692
034dee	FUN_034dee	22	034f86	
034df6	FUN_034df6	216	03600e,03609a,036102,03627a,036768	033692
034ed4	FUN_034ed4	246	03114a,03609a	02c8b8
034f86	thunk_FUN_03114a	4		034dee
034fce	FUN_034fce	78	03600e	
03501c	FUN_03501c	214	035fdc,03600e,03609a,0362e8,036768	
0350f2	FUN_0350f2	64	027ce6	
0351ac	FUN_0351ac	1210	027ce6,027eac,0280b0,0309ee,03565c,035b24,035fbc,03609a,036422,0364c6,0365aa	024dda
0352ba	FUN_0352ba	424	0280b0,032eee,0333c6,033566,03565c,0366c8,03671c	
0353a8	FUN_0353a8	80	0280b0,032eee,0333c6,033566	
035466	thunk_FUN_0280b0	4	0280b0	
035522	FUN_035522	44	0280b0,033566	
0355fc	FUN_0355fc	150	031812	
035632	FUN_035632	8		
03565c	FUN_03565c	77	031812	031c1a,031eec,0351ac,0352ba
0357f2	FUN_0357f2	396	027ce6,0280b0,031c1a,0333c6	
035b24	FUN_035b24	58	0280b0	0351ac
035d22	FUN_035d22	46		0381e8
035eec	FUN_035eec	60		
035f44	FUN_035f44	14		027f8a,02d02a,030260,0335d2,034466,035f6a,03e484
035f52	FUN_035f52	24		0247ae,0335c4,0335d2,035f6a,03eaf8,03f43e
035f6a	FUN_035f6a	82	035f44,035f52,036208	
035fbc	FUN_035fbc	16	036208	0236d2,023800,02399c,023bac,0241a2,027108,028a94,029304,029ef4,02a1ba,02a72e,02d3e0,02f642,02fc6e,032d38,0351ac,036566,03c500,03f02a,03f342
035fcc	FUN_035fcc	16		028b0c,02ed0e,02f642
035fdc	FUN_035fdc	41		023800,02399c,02802a,029304,02af74,031d5a,032d38,034466,03501c,0365aa,039ce0,03e484
03600e	FUN_03600e	122	0360c2	0241a2,034df6,034fce,03501c,0390d8,03de6a
036046	thunk_FUN_0360c2	2		03419a,03cb54,03e1e6
036066	FUN_036066	36		023800,02399c,028278,02927e,029bde,029d74,02ed0e,039ce0,03d96a
03608a	FUN_03608a	16		03b0b4
03609a	thunk_FUN_0360c2	2		028278,028e3a,02927e,034df6,034ed4,03501c,0351ac,03c5f0,03c7b0,03de6a
0360c2	FUN_0360c2	2		03600e
0360c4	FUN_0360c4	68	0364c6	
036102	FUN_036102	64	0365aa	034df6
036152	FUN_036152	44	036678,03671c	02fa32
0361b4	FUN_0361b4	52		0243f4
0361e8	FUN_0361e8	32		02a72e,02d3e0,032dc2,032e5a,03418c,03eab6
036208	FUN_036208	38		0344b0,035f6a,035fbc
03622e	FUN_03622e	35		027f8a,030260
036252	FUN_036252	39		0236d2,023800,02399c
03627a	FUN_03627a	40		034df6
0362a2	FUN_0362a2	24		0335d2,03eaf8
0362ba	FUN_0362ba	25		036566,03cb54
0362e8	FUN_0362e8	78		0241a2,02f642,03501c
03632c	FUN_03632c	83		025330,02898e,0289cc,02d394,03f366
036380	FUN_036380	20		028278,02927e,02d394,031d5a,032dc2,032e5a
036394	FUN_036394	22		03454e,0381e8
0363cc	FUN_0363cc	44		0289cc
0363e0	FUN_0363e0	65	036422	03c696,03c872
036422	FUN_036422	80		023800,024784,02527a,027096,029bde,029d74,02b50a,02e880,02fa32,02faa4,032dc2,0336ea,033806,033cee,033ffc,03412e,03438e,0351ac,0363e0,036566,0381e8,038426,039ce0,039e42,039e78,039e9e,039fd2,03a076,03a17e,03a1ee,03a2fc,03cb54,03cdca,03d96a,03eab6,03eaf8,03ec4e,03f43e
036472	FUN_036472	10		0241a2,0243d6,029cfa,02a194,033dcc,03a2d0,03eab6
0364c6	FUN_0364c6	34	036528	0241a2,029cfa,0333c6,0333f4,0351ac,0360c4,0375f2,039dd0,03c500
036514	thunk_FUN_036528	2		
036528	FUN_036528	4		0364c6
036566	FUN_036566	280	031eb8,031eec,032782,035fbc,0362ba,036422	
0365aa	FUN_0365aa	107	035fdc	029e10,0333c6,0333f4,0351ac,036102,0375f2,039dd0,03cdd8
0365e0	FUN_0365e0	14		0243d6,029cfa,02a194,02a1b0,033b60,033dcc,033e1e,03a2d0
036678	FUN_036678	38		0242f2,02d3e0,031d5a,0336ea,034410,036152,036ef2,0380f6,038150,038170,0381e8,03a0ca,03d96a,03f3ec
03669e	FUN_03669e	12		02d3e0,02e9b4,036ef2,03a0ca,03d96a
0366c8	FUN_0366c8	72	031f28	02d02a,02d3e0,0352ba
03671c	FUN_03671c	6		0242f2,027052,02d02a,02e9b4,02ebce,02ed0e,034410,0352ba,036152,0380f6,038150,038170,03a0ca,03f3ec
036728	FUN_036728	37		02d3e0,031d5a,0333f4,0336ea,0381e8
03674e	FUN_03674e	10	031f28	02d3e0,036ef2
036768	FUN_036768	26		0270f8,02b50a,02e9b4,02f642,034df6,03501c,03c872
036782	FUN_036782	106	031eb8,0328f6	02f642
036aa0	FUN_036aa0	48		
036c94	FUN_036c94	42	027eac	032e5a
036d38	FUN_036d38	178		032e5a
036dea	FUN_036dea	52		
036e14	FUN_036e14	40		
036e3c	FUN_036e3c	40		
036e64	FUN_036e64	40		
036e8c	FUN_036e8c	40		
036eb4	FUN_036eb4	58		
036ef2	FUN_036ef2	708	031eec,031f42,032006,036678,03669e,03674e	
0372b2	FUN_0372b2	8		
0372d2	FUN_0372d2	226	031eec,031f42,032006	
0373b4	FUN_0373b4	18		
0375f2	FUN_0375f2	254	033dcc,033e1e,034102,0364c6,0365aa	
037692	FUN_037692	14	033806	
037722	FUN_037722	28		
03773e	FUN_03773e	10	034170	
037748	FUN_037748	10	03418c	
037752	FUN_037752	14	03419a	
037774	FUN_037774	8	03412e	
03777c	FUN_03777c	10		
037786	FUN_037786	10		
037790	FUN_037790	6	034222	
037796	FUN_037796	6	034240	
03779c	FUN_03779c	14	034260	
0377aa	FUN_0377aa	14	034260	
0377b8	FUN_0377b8	6		
0377be	FUN_0377be	30	034260	
0377dc	FUN_0377dc	30	034260	
0377fa	FUN_0377fa	6	0342b0	
037800	FUN_037800	6	0342ca	
037806	FUN_037806	26		
037820	FUN_037820	56	0342e2	
03784a	FUN_03784a	6	033ffc	
037850	FUN_037850	22		
037866	FUN_037866	12	034102	
037872	FUN_037872	10	03412e	
03787c	FUN_03787c	10		
037886	FUN_037886	10		
037890	FUN_037890	26		
0378aa	FUN_0378aa	26		
0378c4	FUN_0378c4	10	034170	
0378ce	FUN_0378ce	38	03418c	
037902	FUN_037902	232	03359a,033b60	
0379ea	FUN_0379ea	458	033b60	
037bac	FUN_037bac	22		
037bc2	FUN_037bc2	148	034344,03438e,0343d0	
037c46	FUN_037c46	16	034410	
037c56	FUN_037c56	16	034410	
037c66	FUN_037c66	18	034410	
037c78	FUN_037c78	16	034410	
037c88	FUN_037c88	20	034466	
037c9c	FUN_037c9c	20	034466	
037cb0	FUN_037cb0	20	0344b0	
037cd4	FUN_037cd4	26		
037cee	FUN_037cee	56		
037d4a	FUN_037d4a	40		
037e04	FUN_037e04	26		03e484
037e26	FUN_037e26	64		03cb54
037e66	FUN_037e66	180		
037f1a	FUN_037f1a	96		03cb54
037f7a	FUN_037f7a	44		03c500,03c696
037fa6	FUN_037fa6	86		03c500,03c696
038020	FUN_038020	186	0272a0,02ce1e,030a50,030a74,0321aa	03c5f0,03c7b0,03c872,03cb54
0380f6	FUN_0380f6	46	036678,03671c	03c5f0,03c7b0
038150	FUN_038150	16	036678,03671c	0283b4,03c872,03cb54,03e484
038170	FUN_038170	16	036678,03671c	03c5f0,03c696,03c7b0,03c872,03cb54
0381e8	FUN_0381e8	380	02b118,035d22,036394,036422,036678,036728,03c4b6	03cb54
03836c	FUN_03836c	76		
0383b8	FUN_0383b8	104	020966	
038426	FUN_038426	12	036422	
038500	FUN_038500	64	026540	03cb54
0385b4	FUN_0385b4	268	027108,0272a0,028a22	
0386c0	FUN_0386c0	172	027eac,028a94,03c0da	
03878e	FUN_03878e	198	0272a0,027eac,028a22	
03886c	FUN_03886c	6		03c500,03c540,03c5f0
038872	FUN_038872	52		
0388a6	FUN_0388a6	100	027eac,0289cc,028a22,028a94,03bd20,03c0da	
0389ea	FUN_0389ea	80	027eac,0289cc,028a22,028a94,03bd20	03c872
038b54	FUN_038b54	74	027108,028a22,03bd20	
038b9e	FUN_038b9e	90	0272a0,027eac	
038d36	FUN_038d36	36		03cb54
0390d8	FUN_0390d8	305	027eac,03600e,03d2ca,03d966	03de6a
03915c	FUN_03915c	186	0272a0,03d966	
03925a	FUN_03925a	112	0272a0,03d966	
039514	FUN_039514	62	0272a0,02d50e,03d966	
03972c	FUN_03972c	64	03d966	
039ce0	FUN_039ce0	135	035fdc,036066,036422	
039db4	FUN_039db4	28		
039dd0	FUN_039dd0	141	0364c6,0365aa,03dfd2,03e2b2	
039e42	FUN_039e42	60	036422,03d96a	
039e78	FUN_039e78	30	036422	
039e9e	FUN_039e9e	162	036422,03d96a,03dfb0,03e2b2	
039f48	FUN_039f48	44	03d96a	
039f9e	FUN_039f9e	52	03d96a,03e2b2	
039fd2	FUN_039fd2	80	036422	
03a022	FUN_03a022	58	03d96a	
03a04c	FUN_03a04c	6		
03a076	FUN_03a076	30	036422	
03a0b2	FUN_03a0b2	16		
03a0ca	FUN_03a0ca	180	036678,03669e,03671c,03d96a,03e1fe	
03a17e	FUN_03a17e	92	036422,03e2b2	
03a1ee	FUN_03a1ee	38	036422	
03a2ce	FUN_03a2ce	2		03e204
03a2d0	FUN_03a2d0	12	036472,0365e0	
03a2fc	FUN_03a2fc	74	036422	03e484
03a36a	FUN_03a36a	44	03d96a	
03a3aa	FUN_03a3aa	98	03d96a,03d9ce	
03a57e	FUN_03a57e	38		03e484
03a5ea	FUN_03a5ea	68		
03a62e	FUN_03a62e	2		
03a780	FUN_03a780	54		
03a7f2	FUN_03a7f2	4		03ef50
03a82a	FUN_03a82a	316	03eab6	03ef50
03a968	FUN_03a968	134		03ef50
03aa32	FUN_03aa32	32		03ef50
03aa6c	FUN_03aa6c	92		03ef50,03f02a
03ab6a	FUN_03ab6a	80		
03b0b4	FUN_03b0b4	114	03608a	03ef50
03b2a0	FUN_03b2a0	18		
03b64c	FUN_03b64c	34		03f43e,03f4fa
03b794	default	34		03f43e
03b840	FUN_03b840	34		
03b892	FUN_03b892	34		
03b8c0	FUN_03b8c0	34		
03b9c4	FUN_03b9c4	34		
03bac0	FUN_03bac0	24		
03bb2c	FUN_03bb2c	34		
03bc90	FUN_03bc90	12		
03bc9c	FUN_03bc9c	34		02c8b8
03bcf2	FUN_03bcf2	34		
03bd20	FUN_03bd20	34		02c6d0,0388a6,0389ea,038b54
03c0da	FUN_03c0da	28		0386c0,0388a6
03c4b6	FUN_03c4b6	36		0381e8
03c500	FUN_03c500	196	035fbc,0364c6,037f7a,037fa6,03886c	
03c540	FUN_03c540	52	03886c	0202f2,020532,020f9e
03c5cc	FUN_03c5cc	6		
03c5f0	FUN_03c5f0	152	02ca28,03609a,038020,0380f6,038170,03886c	
03c696	FUN_03c696	250	004000,027eac,02ca28,0363e0,037f7a,037fa6,038170	
03c7b0	FUN_03c7b0	194	02ca28,03609a,038020,0380f6,038170	
03c872	FUN_03c872	382	02ca28,0363e0,036768,038020,038150,038170,0389ea	
03cb54	FUN_03cb54	498	036046,0362ba,036422,037e26,037f1a,038020,038150,038170,0381e8,038500,038d36	
03cdca	FUN_03cdca	14	036422	
03cdd8	FUN_03cdd8	22	0365aa	
03d2ca	FUN_03d2ca	86		0390d8
03d966	thunk_EXT_FUN_fa03da	4		0390d8,03915c,03925a,039514,03972c
03d96a	FUN_03d96a	251	027eac,036066,036422,036678,03669e	039e42,039e9e,039f48,039f9e,03a022,03a0ca,03a36a,03a3aa
03d9ce	FUN_03d9ce	34	027eac	03a3aa
03de6a	FUN_03de6a	170	027eac,03600e,03609a,0390d8	
03dfb0	FUN_03dfb0	10		039e9e
03dfd2	FUN_03dfd2	116		039dd0
03e1e6	FUN_03e1e6	20	036046	
03e1fe	FUN_03e1fe	6		03a0ca
03e204	FUN_03e204	172	027ce6,03a2ce	
03e2b2	FUN_03e2b2	26		039dd0,039e9e,039f9e,03a17e
03e426	FUN_03e426	8		
03e484	FUN_03e484	250	004000,035f44,035fdc,037e04,038150,03a2fc,03a57e	
03e57e	FUN_03e57e	92	027eac	
03e5ea	FUN_03e5ea	6		
03e600	FUN_03e600	46		
03e7b6	FUN_03e7b6	60		
03eab6	FUN_03eab6	42	0361e8,036422,036472	03a82a
03eaf8	FUN_03eaf8	34	035f52,0362a2,036422	
03ec4e	FUN_03ec4e	6	036422	
03ec56	FUN_03ec56	4		
03ee90	FUN_03ee90	14		
03eeb0	FUN_03eeb0	26		
03ef50	FUN_03ef50	240	03a7f2,03a82a,03a968,03aa32,03aa6c,03b0b4	
03f02a	FUN_03f02a	126	035fbc,03aa6c	
03f334	FUN_03f334	2		
03f342	FUN_03f342	10	035fbc	
03f34e	FUN_03f34e	12		
03f35a	FUN_03f35a	12		
03f366	FUN_03f366	76	03632c	
03f3ec	FUN_03f3ec	14	036678,03671c	
03f43e	FUN_03f43e	814	0272a0,035f52,036422,03b64c,03b794	
03f4fa	FUN_03f4fa	16	03b64c	
